,accurecy,precision,recall,f1-score
baseline,0.7218323844829869,0.7186466952323352,0.7218323844829869,0.6989250353450294
custom_token_embed_conv1d,0.7881967430160202,0.7894156623871118,0.7881967430160202,0.7873159476850312
pretrained_token_embed,0.7578114656427909,0.7839052430566683,0.7578114656427909,0.7598245385783718
custom_char_embed_conv1d,0.7231563617105786,0.7486215626590199,0.7231563617105786,0.7208938667649313
hybrid_char_token_embed,0.7644644512114391,0.7897090429541196,0.7644644512114391,0.766841070290941
tribrid_pos_char_token_embed,0.8150403813054415,0.8685746294826409,0.8150403813054415,0.8234978020888051
